,Begin,Malicious
Percision,0.9936443738263758,0.004574493256565975
Recall,0.3527692307692308,0.5686274509803921
F1,0.5206827385232563,0.009075972146154448
Accuracy,0.353892459953066,
