,Begin,Malicious
Percision,0.999685336689742,1
Recall,1,0.9230769230769231
F1,0.9998426435877262,0.9600000000000001
Accuracy,0.9996865203761756,
